,dataSetName,TSid,lat,lon,seasonality_array,season,units,archive,PSM,Corr_prior,Corr_recon,Corr_diff
0,Carp.Barnosky.1985a,OLS_Rn9jxxYJDzK,45.92,237.12,[ 1  2  3  4  5  6  7  8  9 10 11 12],annual,unitless,Shoreline,get_LakeStatus,0.4921840509738297,0.6353839226310096,0.1431998716571799
1,Turkana.Garcin.2012,WEB-9119d-899e-4084-82c1-1fac9,3.7877,35.9251,[ 1  2  3  4  5  6  7  8  9 10 11 12],annual,m,Shoreline,get_LakeStatus,-0.08723638787131797,0.20104122571863256,0.2882776135899505
2,Euramoo.Kershaw.1970,OLS_Rr8es7LpU7s,-17.17,145.63,[ 1  2  3  4  5  6  7  8  9 10 11 12],annual,unitless,Shoreline,get_LakeStatus,0.43914704335188237,0.4345557328966238,-0.004591310455258568
3,Bogoria.Young.1979,OLS_RtPtAFW735C,0.3,36.1,[ 1  2  3  4  5  6  7  8  9 10 11 12],annual,unitless,Shoreline,get_LakeStatus,-0.5094471676696144,0.4694787490856073,0.9789259167552218
4,DobiHanle.Fontes.1973,OLS_RcDGJfqpBeC,11.5,42.0,[ 1  2  3  4  5  6  7  8  9 10 11 12],annual,unitless,Shoreline,get_LakeStatus,0.43602554306770447,0.536692950770388,0.10066740770268356
5,ElAbra.SchreveBrinkman.1978,OLS_RFTxPMAWS1C,5.0,286.0,[ 1  2  3  4  5  6  7  8  9 10 11 12],annual,unitless,Shoreline,get_LakeStatus,0.3710006201516674,-0.33946303319332793,-0.7104636533449953
6,LakeoftheWoodsWyoming.Shuman.2010,pdRPXtR2BTqSS5KCkTm,43.48,250.11,[ 1  2  3  4  5  6  7  8  9 10 11 12],annual,m,LakeSediment,get_LakeStatus,-0.8399191986368209,-0.28259372200996524,0.5573254766268556
7,Manyara.Holdship.1976,OLS_Rrt4iAcWTIK,-3.62,35.82,[ 1  2  3  4  5  6  7  8  9 10 11 12],annual,unitless,Shoreline,get_LakeStatus,-0.34223741246266315,0.033951976561218955,0.3761893890238821
8,CheshiMweruWantipa.Stager.1984,OLS_RIUAKxfcWiL,-8.87,29.68,[ 1  2  3  4  5  6  7  8  9 10 11 12],annual,unitless,Shoreline,get_LakeStatus,-0.7267520107738293,-0.593726640152424,0.1330253706214053
9,Wintergreen.Manny.1978,OLS_RzEmio4JrEJ,42.4,274.62,[ 1  2  3  4  5  6  7  8  9 10 11 12],annual,unitless,Shoreline,get_LakeStatus,0.1273731274339741,-0.22770609286852259,-0.3550792203024967
10,Mexico.Limbrey.1976,OLS_RTsihKwmPMu,19.5,261.0,[ 1  2  3  4  5  6  7  8  9 10 11 12],annual,unitless,Shoreline,get_LakeStatus,-0.25436286895009913,-0.08674869872637314,0.167614170223726
11,Sambhar.Singh.1972,OLS_RO2T7DUh8l2,27.0,75.0,[ 1  2  3  4  5  6  7  8  9 10 11 12],annual,unitless,Shoreline,get_LakeStatus,0.6601385356085994,0.7243202831927649,0.0641817475841655
12,Wabamun.Holloway.1981,OLS_RblGnR4xJrB,53.5,245.75,[ 1  2  3  4  5  6  7  8  9 10 11 12],annual,unitless,Shoreline,get_LakeStatus,0.5470927549588701,0.3463890598455488,-0.2007036951133213
13,Clovis.Haynes.1966,OLS_RGC5Y4gspKt,34.25,256.67,[ 1  2  3  4  5  6  7  8  9 10 11 12],annual,unitless,Shoreline,get_LakeStatus,0.8707159090949049,0.9111733293590004,0.04045742026409549
14,CarsonSink.Adams.2009,pdR3iBvTlj5zwy8bjTI,39.83,241.39,[ 1  2  3  4  5  6  7  8  9 10 11 12],annual,m,Shoreline,get_LakeStatus,0.2871385272770588,0.3576856361823196,0.07054710890526078
15,Victoria.Kendall.1969,OLS_RrW4ZPeL6bM,-1.0,33.0,[ 1  2  3  4  5  6  7  8  9 10 11 12],annual,unitless,Shoreline,get_LakeStatus,0.48278091621826974,0.8762832301071505,0.39350231388888074
16,OwensLake.Bacon.2006,pdRKlOXqPCWJFftTUyC,36.45,242.03,[ 1  2  3  4  5  6  7  8  9 10 11 12],annual,m,Shoreline,get_LakeStatus,0.16746093817192076,0.07477602170817507,-0.09268491646374569
17,Alsacia.Meleif.1985,OLS_RhL9KDPT14X,3.9,286.15,[ 1  2  3  4  5  6  7  8  9 10 11 12],annual,unitless,Shoreline,get_LakeStatus,-0.12158892717437689,0.22539252115921332,0.34698144833359024
18,Ruby.Thompson.1984,OLS_RXjJiwKiDO4,40.58,244.67000000000002,[ 1  2  3  4  5  6  7  8  9 10 11 12],annual,unitless,Shoreline,get_LakeStatus,0.3771407826789195,0.5290943492981756,0.15195356661925608
19,ChemchaneAderg.Chamard.1972,OLS_RajLAejX7H1,21.0,347.88,[ 1  2  3  4  5  6  7  8  9 10 11 12],annual,unitless,Shoreline,get_LakeStatus,0.6585094108791177,0.7471100047894295,0.08860059391031172
20,Pickerel.Watts.1968,OLS_RifcIdFjsr2,43.5,262.67,[ 1  2  3  4  5  6  7  8  9 10 11 12],annual,unitless,Shoreline,get_LakeStatus,-0.9146332631422741,0.7846381520574329,1.699271415199707
21,RubyLakeMarshesLakeFranklin.Thompson.1990,pdRUteHT9P1yzhdRamQ,40.12,244.51,[ 1  2  3  4  5  6  7  8  9 10 11 12],annual,m,Shoreline,get_LakeStatus,0.7253525823332391,0.6836651535070554,-0.0416874288261837
22,TermitOuestKandelBouzou.Faure.1963,OLS_RmpO87FXnN9,16.08,11.25,[ 1  2  3  4  5  6  7  8  9 10 11 12],annual,unitless,Shoreline,get_LakeStatus,-0.7506958792856693,0.3942803017952996,1.1449761810809689
23,Valencia.Bradbury.1981,OLS_RVw6wlN8ACI,10.1,292.25,[ 1  2  3  4  5  6  7  8  9 10 11 12],annual,unitless,Shoreline,get_LakeStatus,0.958415693539456,0.9119965028774125,-0.046419190662043475
24,Turkana.Butzer.1972,OLS_RDo2ZhhzvEJ,5.0,36.0,[ 1  2  3  4  5  6  7  8  9 10 11 12],annual,unitless,Shoreline,get_LakeStatus,0.23940132160978145,0.19079587313069735,-0.0486054484790841
25,BuffleheadPond.Shuman.2009,pdRtg8eM5mtBLKQ8gkF,44.98,266.47,[ 1  2  3  4  5  6  7  8  9 10 11 12],annual,m,LakeSediment,get_LakeStatus,-0.9050881051738351,-0.349960098860921,0.555128006312914
26,Frome.Bowler.1986,OLS_RTxbwsdvMwm,-30.75,139.83,[ 1  2  3  4  5  6  7  8  9 10 11 12],annual,unitless,Shoreline,get_LakeStatus,0.22059548040512014,-0.1278576177916596,-0.3484530981967797
27,Fachi.Faure.1966,OLS_RKoQn911SXJ,18.12,11.67,[ 1  2  3  4  5  6  7  8  9 10 11 12],annual,unitless,Shoreline,get_LakeStatus,0.6084834115326051,0.7798699800290863,0.17138656849648115
28,LakeWestOkoboji.Van.1979,pdR889sQHzAg5FOKA7S,46.3,264.8,[ 1  2  3  4  5  6  7  8  9 10 11 12],annual,unitless,LakeSediment,get_LakeStatus,-0.0015143326207743752,0.5045508356125074,0.5060651682332817
29,Gnotuk.Barton.1980,OLS_RSllKp5JECx,-38.22,143.1,[ 1  2  3  4  5  6  7  8  9 10 11 12],annual,unitless,Shoreline,get_LakeStatus,-0.616616457408728,0.1631135505844468,0.7797300079931747
30,Afrera.Gasse.1975,OLS_R7luETutJOR,13.42,40.83,[ 1  2  3  4  5  6  7  8  9 10 11 12],annual,unitless,Shoreline,get_LakeStatus,0.8513513128020138,0.8664055631228333,0.015054250320819529
31,CayugaLake.Mullins.1998,pdRHn2Pz80FEgrQMUn0,43.0,284.75,[ 1  2  3  4  5  6  7  8  9 10 11 12],annual,m,LakeSediment,get_LakeStatus,0.8663870974254806,0.845281099813956,-0.02110599761152454
32,HassiElMejna.Fontes.1985,OLS_R2KxxymoXwo,31.5,2.3,[ 1  2  3  4  5  6  7  8  9 10 11 12],annual,unitless,Shoreline,get_LakeStatus,0.383517589185409,-0.256038022739912,-0.639555611925321
33,Bromfield.Kershaw.1975a,OLS_RwqOkY17CbA,-17.38,145.55,[ 1  2  3  4  5  6  7  8  9 10 11 12],annual,unitless,Shoreline,get_LakeStatus,-0.27941697440682867,-0.2945098660654546,-0.015092891658625929
34,Breadalbane.Dodson.1986,OLS_RnZixdO7vMV,-34.78,149.48,[ 1  2  3  4  5  6  7  8  9 10 11 12],annual,unitless,Shoreline,get_LakeStatus,-0.4171030206026501,0.2952884215997163,0.7123914422023664
35,Duck.Winkler.1982,OLS_RSzZCo2C7Xj,41.93,290.0,[ 1  2  3  4  5  6  7  8  9 10 11 12],annual,unitless,Shoreline,get_LakeStatus,-0.6945477871553397,-0.3748782196655085,0.3196695674898312
36,Patzcuaro.Watts.1982,OLS_ROkPLG6ezuC,19.58,258.42,[ 1  2  3  4  5  6  7  8  9 10 11 12],annual,unitless,Shoreline,get_LakeStatus,-0.2404652588416827,-0.2777334633132669,-0.037268204471584215
37,WestTwinLakeNebraska.Schmieder.2011,pdRfOJh6SjJ3emsFmsY,42.4,258.56,[ 1  2  3  4  5  6  7  8  9 10 11 12],annual,unitless,LakeSediment,get_LakeStatus,-0.8590570788906503,0.3142792671196032,1.1733363460102535
38,WielkeGacno.HjelmroosEricsson.1982,OLS_Rnp35KKbNIN,53.73,17.2,[ 1  2  3  4  5  6  7  8  9 10 11 12],annual,unitless,Shoreline,get_LakeStatus,0.6029141980529983,0.32292744453173194,-0.27998675352126634
39,Chenghai.Xu.2020,WEB2b92ddec,26.5,100.66,[ 1  2  3  4  5  6  7  8  9 10 11 12],annual,m,LakeSediment,get_LakeStatus,-0.42290320146138577,-0.41123106256472464,0.011672138896661133
40,Rutz.Waddington.1969,OLS_RAcSotekegB,44.87,266.13,[ 1  2  3  4  5  6  7  8  9 10 11 12],annual,unitless,Shoreline,get_LakeStatus,0.4640854800236973,0.6052889103723164,0.14120343034861904
41,Beysehir.Roberts.1980,OLS_RaIxqdb5VXZ,37.75,31.5,[ 1  2  3  4  5  6  7  8  9 10 11 12],annual,unitless,Shoreline,get_LakeStatus,-0.44321448648301154,-0.38767752444806725,0.05553696203494429
42,Quexil.Deevey.1978,OLS_RSQIFjVgiso,16.93,269.88,[ 1  2  3  4  5  6  7  8  9 10 11 12],annual,unitless,Shoreline,get_LakeStatus,0.31765239260169464,0.38535866919731027,0.06770627659561562
43,NakuruElmenteita.Butzer.1972,OLS_RjwvXKkI618,-0.42,36.17,[ 1  2  3  4  5  6  7  8  9 10 11 12],annual,unitless,Shoreline,get_LakeStatus,-0.1850912589526934,0.20626306817080164,0.39135432712349505
44,LisanDeadSea.Vogel.1972,OLS_Rz4NEhuh5D0,31.5,35.5,[ 1  2  3  4  5  6  7  8  9 10 11 12],annual,unitless,Shoreline,get_LakeStatus,0.8001136556469701,0.6979248268281981,-0.102188828818772
45,TaguaTagua.Montane.1968,OLS_ROVfSZGskJH,-34.5,288.83,[ 1  2  3  4  5  6  7  8  9 10 11 12],annual,unitless,Shoreline,get_LakeStatus,0.7288998611224844,0.723919010070324,-0.0049808510521603955
46,ZhangzangChaka.Qi.1981,OLS_RAPLKNVwmJW,32.5,82.33,[ 1  2  3  4  5  6  7  8  9 10 11 12],annual,unitless,Shoreline,get_LakeStatus,0.7554941967574188,0.7771617026988831,0.02166750594146427
47,Weber.Fries.1962,OLS_Rh1QgEylyEm,47.47,268.35,[ 1  2  3  4  5  6  7  8  9 10 11 12],annual,unitless,Shoreline,get_LakeStatus,-0.7478877829698798,0.40397139908830587,1.1518591820581856
48,Bancannia.Dury.1973,OLS_RXfu7xAGzWB,-30.82,141.93,[ 1  2  3  4  5  6  7  8  9 10 11 12],annual,unitless,Shoreline,get_LakeStatus,0.5055732094686229,0.18163336953197223,-0.3239398399366507
49,RiceLakeMiddleBasin.Yu.1994,pdRQvUAgiTzsooiU2HT,44.21,281.87,[ 1  2  3  4  5  6  7  8  9 10 11 12],annual,m,LakeSediment,get_LakeStatus,0.1622484800888953,0.4231377775436799,0.2608892974547846
50,Abhe.Gasse.1975,OLS_RfBMrSLi0j3,11.25,42.0,[ 1  2  3  4  5  6  7  8  9 10 11 12],annual,unitless,Shoreline,get_LakeStatus,0.6099785025992523,0.6081377572754262,-0.001840745323826165
51,MaineSoroa.Durand.1984,OLS_RPogGSF6ido,13.12,12.0,[ 1  2  3  4  5  6  7  8  9 10 11 12],annual,unitless,Shoreline,get_LakeStatus,0.3551514535646363,0.42848772705092986,0.07333627348629357
52,Asal.Gasse.1975,OLS_ResQaXkZnvE,11.6,42.5,[ 1  2  3  4  5  6  7  8  9 10 11 12],annual,unitless,Shoreline,get_LakeStatus,0.8436590173644495,0.7913884042094227,-0.05227061315502679
53,George.Coventry.1976,OLS_RfoenkHHXTE,-35.08,149.42,[ 1  2  3  4  5  6  7  8  9 10 11 12],annual,unitless,Shoreline,get_LakeStatus,-0.15673594979874983,0.3039823143955177,0.46071826419426753
54,Agadem.Faure.1963,OLS_RF7pv7UUDFw,16.83,13.33,[ 1  2  3  4  5  6  7  8  9 10 11 12],annual,unitless,Shoreline,get_LakeStatus,-0.5858201265241308,0.0939923131131914,0.6798124396373222
55,Hook.Winkler.1985c,OLS_RpZvDDmAq2c,42.95,270.67,[ 1  2  3  4  5  6  7  8  9 10 11 12],annual,unitless,Shoreline,get_LakeStatus,0.41345640582936954,0.7502828357600984,0.3368264299307288
56,MirrorLake.Davis.1982,pdRmwkDfwe6u28KuWTk,43.95,288.3,[ 1  2  3  4  5  6  7  8  9 10 11 12],annual,m,LakeSediment,get_LakeStatus,0.8502212441011351,0.887548034904456,0.03732679080332091
57,SilverLakeLakeMohave.Wells.2003,pdR0bHPwOODs54avzaw,35.34,243.89,[ 1  2  3  4  5  6  7  8  9 10 11 12],annual,m,LakeSediment,get_LakeStatus,0.6821231299918014,0.7357645704938106,0.05364144050200925
58,LakeCochise.Waters.1989,pdRNyQeqaj6PkSQYY4b,32.17,250.13,[ 1  2  3  4  5  6  7  8  9 10 11 12],annual,m,Shoreline,get_LakeStatus,0.5109031632332661,0.5107676039460234,-0.00013555928724273691
59,CrookedPond.Shuman.2001,pdRFvsGhWnaWLNCJZOB,41.89,289.35,[ 1  2  3  4  5  6  7  8  9 10 11 12],annual,m,LakeSediment,get_LakeStatus,-0.3530597563051625,0.3271915853452918,0.6802513416504543
60,DuncanLake.Shuman.2016,pdRiNPVIQECAx9xVLKu,44.648,252.554,[ 1  2  3  4  5  6  7  8  9 10 11 12],annual,m,LakeSediment,get_LakeStatus,-0.6783458390948678,-0.22521709082803135,0.45312874826683647
61,White.Watts.1980a,OLS_R4QPDsP0JVX,34.16,279.24,[ 1  2  3  4  5  6  7  8  9 10 11 12],annual,unitless,Shoreline,get_LakeStatus,0.842030153251623,0.8939475806828239,0.05191742743120087
62,Naivasha.Richardson.1972,OLS_RFUFyYZUb0P,-0.68,36.33,[ 1  2  3  4  5  6  7  8  9 10 11 12],annual,unitless,Shoreline,get_LakeStatus,0.007891691232149453,0.24471756739546988,0.23682587616332043
63,KettleHole.Collins.1968,OLS_Ro4FH6vkuLB,43.0,265.0,[ 1  2  3  4  5  6  7  8  9 10 11 12],annual,unitless,Shoreline,get_LakeStatus,0.6171157821835664,0.03873065202544451,-0.578385130158122
64,PyramidLake.Benson.1990,pdRAD0OoGMqGUoHfFHZ,40.06,240.44,[ 1  2  3  4  5  6  7  8  9 10 11 12],annual,m,Shoreline,get_LakeStatus,0.7963275192918025,0.8478062579964389,0.051478738704636484
65,Wanum.GarrettJones.1979,OLS_Roe2Ri2GOD9,-6.63,146.78,[ 1  2  3  4  5  6  7  8  9 10 11 12],annual,unitless,Shoreline,get_LakeStatus,-0.6595954551848221,-0.6429673888639647,0.01662806632085745
66,MakepeaceCedarSwamp.Newby.2000PaleoDIVER,pdRXoXk6qKsU102x2C4,41.93,289.23,[ 1  2  3  4  5  6  7  8  9 10 11 12],annual,m,LakeSediment,get_LakeStatus,-0.12523576113844553,0.2974169300126216,0.42265269115106713
67,LynchsCrater.Kershaw.1974,OLS_RFZ5ftnO2t2,-17.37,145.7,[ 1  2  3  4  5  6  7  8  9 10 11 12],annual,unitless,Shoreline,get_LakeStatus,0.3266048454685151,0.43166899212749715,0.10506414665898206
68,Leconte.Hubbs.1960,OLS_Rt3bq8OIkfc,33.33,244.0,[ 1  2  3  4  5  6  7  8  9 10 11 12],annual,unitless,Shoreline,get_LakeStatus,0.40674492128509454,0.5259874440308062,0.11924252274571168
69,Isle.Hickman.1981,OLS_RvAYM4Zh3Pk,52.62,245.57,[ 1  2  3  4  5  6  7  8  9 10 11 12],annual,unitless,Shoreline,get_LakeStatus,-0.5305220197281463,0.8607093251799315,1.3912313449080778
70,Tigalmamine.Lamb.MS,OLS_RTKjwB4I61Z,32.9,354.65,[ 1  2  3  4  5  6  7  8  9 10 11 12],annual,unitless,Shoreline,get_LakeStatus,-0.24377487841008694,0.1702475009726078,0.4140223793826947
71,Poukawa.Mcglone.1978,OLS_RE8t9IMfyob,-39.77,176.73,[ 1  2  3  4  5  6  7  8  9 10 11 12],annual,unitless,Shoreline,get_LakeStatus,-0.6261161059761543,-0.6506266259806791,-0.024510520004524805
72,Cahaba.Delcourt.1983,OLS_RhSooYiv8NM,33.5,273.47,[ 1  2  3  4  5  6  7  8  9 10 11 12],annual,unitless,Shoreline,get_LakeStatus,0.7969773275653304,0.6952968308126763,-0.101680496752654
73,Bilma.Faure.1966,OLS_RPARZQXyu1l,18.75,13.0,[ 1  2  3  4  5  6  7  8  9 10 11 12],annual,unitless,Shoreline,get_LakeStatus,0.7627904843127024,0.7549299127877798,-0.007860571524922588
74,Keilambete.Bowler.1970,OLS_Rwm0onKGDHv,-38.04,142.87,[ 1  2  3  4  5  6  7  8  9 10 11 12],annual,unitless,Shoreline,get_LakeStatus,-0.8674292667745336,-0.22740714308640636,0.6400221236881272
75,Tauca.Servant.1978,OLS_R4P4Wwpe8Jd,-19.5,292.0,[ 1  2  3  4  5  6  7  8  9 10 11 12],annual,unitless,Shoreline,get_LakeStatus,0.671239758421237,0.6585258487359399,-0.012713909685297065
76,Moore.Schweger.1983,OLS_RwLxfQP11eP,53.0,249.5,[ 1  2  3  4  5  6  7  8  9 10 11 12],annual,unitless,Shoreline,get_LakeStatus,-0.9222715878277224,0.9298078069786233,1.8520793948063456
77,EmeraldLakeLeadville.Shuman.2014,pdRfvT1wuHIGXRlmUju,39.151,253.594,[ 1  2  3  4  5  6  7  8  9 10 11 12],annual,m,LakeSediment,get_LakeStatus,-0.9216355658492508,-0.8936999864496298,0.02793557939962099
78,George.Hutchinson.1981,OLS_Ree2SxMXXUS,43.52,286.35,[ 1  2  3  4  5  6  7  8  9 10 11 12],annual,unitless,Shoreline,get_LakeStatus,0.6659806330853738,0.7961971505674622,0.1302165174820884
79,LaGuitarra.Melief.1985,OLS_RusPjLSBZcB,3.87,286.0,[ 1  2  3  4  5  6  7  8  9 10 11 12],annual,unitless,Shoreline,get_LakeStatus,-0.002456073240442405,0.2442458073808509,0.24670188062129328
80,OwascoLake.Dwyer.1996,pdR95vmKthSzyI9ntp3,42.75,282.5,[ 1  2  3  4  5  6  7  8  9 10 11 12],annual,m,LakeSediment,get_LakeStatus,0.7538685525304232,0.902053763338464,0.1481852108080408
81,Tanganyika.Hecky.1973,OLS_RvTeu3ziD24,-6.03,28.53,[ 1  2  3  4  5  6  7  8  9 10 11 12],annual,unitless,Shoreline,get_LakeStatus,-0.5299761344178223,0.6077036971232134,1.1376798315410357
82,ElGobernador.Meleif.1985,OLS_R91mklW7AkS,3.85,285.65,[ 1  2  3  4  5  6  7  8  9 10 11 12],annual,unitless,Shoreline,get_LakeStatus,0.6325520797391084,-0.15990529127040004,-0.7924573710095084
83,Fuquene.Van.1973,OLS_Rbr7K7EZgsy,5.5,286.25,[ 1  2  3  4  5  6  7  8  9 10 11 12],annual,unitless,Shoreline,get_LakeStatus,-0.6723136245859881,0.15274530791967705,0.8250589325056652
84,LittleWindyHillPond.Pribyl.2014,pdRkoO11xxFGVWJeL62,41.43,253.66,[ 1  2  3  4  5  6  7  8  9 10 11 12],annual,m,LakeSediment,get_LakeStatus,-0.8457899025229008,-0.7231289565889486,0.12266094593395216
85,Urmia.Kelts.1986,OLS_RnQ2dbxrFsX,37.63,45.5,[ 1  2  3  4  5  6  7  8  9 10 11 12],annual,unitless,Shoreline,get_LakeStatus,-0.669099414148988,-0.18173383402293583,0.48736558012605213
86,Russell.Hubbs.1965,OLS_R28mFojQksk,38.05,241.23000000000002,[ 1  2  3  4  5  6  7  8  9 10 11 12],annual,unitless,Shoreline,get_LakeStatus,0.7618456707249498,0.750435156729218,-0.011410513995731786
87,Alexandersfontein.Butzer.1973,OLS_RrOZmMhgLUP,-28.83,24.8,[ 1  2  3  4  5  6  7  8  9 10 11 12],annual,unitless,Shoreline,get_LakeStatus,0.5957827084624724,0.5557187437424044,-0.04006396472006801
88,Mendota.Winkler.1983,OLS_Rxv9LmnnQsQ,43.1,270.58,[ 1  2  3  4  5  6  7  8  9 10 11 12],annual,unitless,Shoreline,get_LakeStatus,0.5750969394343697,0.7042025739317042,0.12910563449733448
89,MobutuSeseSeko.Harvey.1976,OLS_R0IYyZ8sKNw,1.5,31.0,[ 1  2  3  4  5  6  7  8  9 10 11 12],annual,unitless,Shoreline,get_LakeStatus,-0.43109359151846216,0.3462260525852417,0.7773196441037038
90,RiceLakeWestBasin.Yu.1994,pdRyrnRCmOiv8zpgLvf,44.11,281.7,[ 1  2  3  4  5  6  7  8  9 10 11 12],annual,m,LakeSediment,get_LakeStatus,0.6578876888048524,0.6802132393913256,0.02232555058647323
91,MagadiNatron.Butzer.1972,OLS_Rl1U1UXxAIf,-2.12,36.04,[ 1  2  3  4  5  6  7  8  9 10 11 12],annual,unitless,Shoreline,get_LakeStatus,-0.3826580586179209,-0.0833284575853639,0.299329601032557
92,Wedge.Macdonald.1982,OLS_RtESqFQmPOU,50.87,244.82999999999998,[ 1  2  3  4  5  6  7  8  9 10 11 12],annual,unitless,Shoreline,get_LakeStatus,0.08220538516511237,0.7164194070764156,0.6342140219113033
93,SevierLake.Oviatt.1988,pdRYwqALFxQB0DnOiiQ,39.0,247.0,[ 1  2  3  4  5  6  7  8  9 10 11 12],annual,m,Shoreline,get_LakeStatus,0.6121974160517767,0.5513065317384082,-0.06089088431336853
94,Okoboji.Dodd.1968,OLS_R4a8rMDILX2,43.33,264.8,[ 1  2  3  4  5  6  7  8  9 10 11 12],annual,unitless,Shoreline,get_LakeStatus,-0.4179202429034696,0.568960648945276,0.9868808918487455
95,Searles.Stuiver.1964,OLS_RfD6MNlONoM,35.6,242.3,[ 1  2  3  4  5  6  7  8  9 10 11 12],annual,unitless,Shoreline,get_LakeStatus,0.6160149766779438,0.6375699552496,0.021554978571656225
96,Chad.Servant.1973,OLS_Raj0ajWk8Z1,13.0,14.0,[ 1  2  3  4  5  6  7  8  9 10 11 12],annual,unitless,Shoreline,get_LakeStatus,0.8501942526021775,0.8609496968568379,0.010755444254660351
97,Lunkaransar.Singh.1972,OLS_REKcgVZxfZQ,28.5,73.75,[ 1  2  3  4  5  6  7  8  9 10 11 12],annual,unitless,Shoreline,get_LakeStatus,0.6306889277924824,0.7671444985011723,0.13645557070868986
98,Hay.Jacobs.1983,OLS_R9wwlYbD32V,34.0,250.5,[ 1  2  3  4  5  6  7  8  9 10 11 12],annual,unitless,Shoreline,get_LakeStatus,-0.9152249917032144,-0.9449815584564903,-0.02975656675327598
99,LakeOPines.Ewing.2000PaleoDIVER,pdRn4uVv5xmEy3QbRZo,46.14,270.75,[ 1  2  3  4  5  6  7  8  9 10 11 12],annual,m,LakeSediment,get_LakeStatus,-0.7865089341820766,0.5169869678418985,1.303495902023975
100,Jacob.Jacobs.1983,OLS_REuK7XDcRTY,34.42,249.17000000000002,[ 1  2  3  4  5  6  7  8  9 10 11 12],annual,unitless,Shoreline,get_LakeStatus,0.12030426993550894,0.27929165037080794,0.158987380435299
101,Washburn.Winkler.1985c,OLS_RXKCFWVRanL,43.53,270.35,[ 1  2  3  4  5  6  7  8  9 10 11 12],annual,unitless,Shoreline,get_LakeStatus,0.47455823290880644,0.9100760289545157,0.4355177960457092
102,FortRock.Bedwell.1970,OLS_RHt0P2iCpt5,43.17,239.25,[ 1  2  3  4  5  6  7  8  9 10 11 12],annual,unitless,Shoreline,get_LakeStatus,0.7480182121450119,0.172822891620188,-0.5751953205248239
103,UpperBigCreekLake.Shuman.2015,pdRopkg65IV11NRNtq6,40.91,253.38,[ 1  2  3  4  5  6  7  8  9 10 11 12],annual,m,LakeSediment,get_LakeStatus,-0.22767372952916967,-0.27333630444127777,-0.045662574912108095
104,ArdElAkhdar.Pachur.1984,OLS_R5sFsSYnjHw,23.18,26.03,[ 1  2  3  4  5  6  7  8  9 10 11 12],annual,unitless,Shoreline,get_LakeStatus,0.45413936625033147,0.4123104354603521,-0.041828930789979346
105,DaliLake.GoldsmithJiang.2017,WEB40d3e7b3,43.4318,116.7051,[ 1  2  3  4  5  6  7  8  9 10 11 12],annual,m,Shoreline,get_LakeStatus,0.7425955577997281,0.7304669016282437,-0.012128656171484398
106,AlmoraLakeParkersPrairie.Digerfeldt.1992,pdRdEGWYw7cNROLp8sM,46.21,264.7,[ 1  2  3  4  5  6  7  8  9 10 11 12],annual,m,LakeSediment,get_LakeStatus,0.1713453550996541,0.4340329458736968,0.2626875907740427
107,Bosumtwi.Shanahan.2006,WEB25059875,6.5,1.4167,[ 1  2  3  4  5  6  7  8  9 10 11 12],annual,m,Shoreline,get_LakeStatus,-0.3778134605135004,-0.298462590997735,0.07935086951576542
108,Bebedero.Gonzalez.1983,OLS_R4idEFGElHM,-33.33,293.25,[ 1  2  3  4  5  6  7  8  9 10 11 12],annual,unitless,Shoreline,get_LakeStatus,0.09595504812332302,0.25590544883313276,0.15995040070980976
109,Kivu.Olsson.1959,OLS_R4Ijw8OPsjM,-2.0,29.0,[ 1  2  3  4  5  6  7  8  9 10 11 12],annual,unitless,Shoreline,get_LakeStatus,0.2457245923199494,0.6737122372014896,0.4279876448815403
110,Walker.Hevly.1985,OLS_RzqaAnmlHbH,35.5,248.32999999999998,[ 1  2  3  4  5  6  7  8  9 10 11 12],annual,unitless,Shoreline,get_LakeStatus,0.3433224007620115,0.46431116814058965,0.12098876737857817
111,Zeribar.Van.1963,OLS_R14ZgdIg3vP,35.53,46.12,[ 1  2  3  4  5  6  7  8  9 10 11 12],annual,unitless,Shoreline,get_LakeStatus,-0.6635068150093621,0.02129743425113066,0.6848042492604928
112,ZiwayShala.Grove.1975,OLS_RRO1Ic9Qv3B,7.75,38.67,[ 1  2  3  4  5  6  7  8  9 10 11 12],annual,unitless,Shoreline,get_LakeStatus,0.14126783851391667,0.5380269553384234,0.3967591168245067
113,Bonneville.Broecker.1958,OLS_RLueiGtvS3m,40.5,247.0,[ 1  2  3  4  5  6  7  8  9 10 11 12],annual,unitless,Shoreline,get_LakeStatus,0.8294880473575741,0.7522369230335788,-0.07725112432399528
114,Bullenmerri.Buckley.1972,OLS_R9bib9fXM0c,-38.25,143.12,[ 1  2  3  4  5  6  7  8  9 10 11 12],annual,unitless,Shoreline,get_LakeStatus,-0.10058695054469435,0.5477765970929358,0.6483635476376302
115,RyderPondCapeCodMassachusetts.Winkler.1995,pdRtkSoE1Q93x2JFV5i,41.967,289.969,[ 1  2  3  4  5  6  7  8  9 10 11 12],annual,unitless,LakeSediment,get_LakeStatus,-0.42113108411833977,-0.18272836756821326,0.23840271655012651
116,Kirchner.Brugam.1980,OLS_Rcoxn5kpPMy,44.83,267.23,[ 1  2  3  4  5  6  7  8  9 10 11 12],annual,unitless,Shoreline,get_LakeStatus,0.3316652206010325,0.7566678778992675,0.425002657298235
117,AdleyLakeParkersPrairie.Digerfeldt.1992,pdRrmkVD3TsBOeoXn7g,46.0,265.0,[ 1  2  3  4  5  6  7  8  9 10 11 12],annual,m,LakeSediment,get_LakeStatus,-0.7845341051732588,-0.11206331490842265,0.6724707902648361
118,Lubbock.Green.1962,OLS_RF4kqHZt5Ej,33.63,258.1,[ 1  2  3  4  5  6  7  8  9 10 11 12],annual,unitless,Shoreline,get_LakeStatus,0.518521016721248,0.19857160433680282,-0.31994941238444513
119,Tritrivakely.Burney.1987,OLS_RM81PKgdBEz,-19.78,46.92,[ 1  2  3  4  5  6  7  8  9 10 11 12],annual,unitless,Shoreline,get_LakeStatus,0.21900235205875127,0.11778034813127473,-0.10122200392747653
120,RainbowLakeBeartooths.Shuman.2016,pdRsQ687U7RBI0qSdyE,44.936,250.5,[ 1  2  3  4  5  6  7  8  9 10 11 12],annual,m,LakeSediment,get_LakeStatus,-0.49327479128131624,0.2599059587545233,0.7531807500358396
121,BeaverLake.Schmieder.2011PaleoDIVER,pdRMMxRg4ypwnub7vhk,42.45,259.35,[ 1  2  3  4  5  6  7  8  9 10 11 12],annual,unitless,LakeSediment,get_LakeStatus,-0.9161805719639217,0.7183805892592016,1.6345611612231232
122,Tyrrell.Bowler.1986,OLS_RIAO1405W9b,-35.33,142.78,[ 1  2  3  4  5  6  7  8  9 10 11 12],annual,unitless,Shoreline,get_LakeStatus,-0.09310394185411022,-0.34366397541468646,-0.2505600335605762
123,EnneriBardague.Bottcher.1972,OLS_RphnQDokp38,21.5,17.0,[ 1  2  3  4  5  6  7  8  9 10 11 12],annual,unitless,Shoreline,get_LakeStatus,-0.18630130327189265,-0.05547996293405768,0.13082134033783496
124,Nabta.Wendorf.1976,OLS_Rrtm3chd7C5,23.0,31.0,[ 1  2  3  4  5  6  7  8  9 10 11 12],annual,unitless,Shoreline,get_LakeStatus,0.803743589893125,0.816993718120794,0.013250128227669022
125,Didwana.Singh.1972,OLS_R4YTlXp5Scl,27.33,74.58,[ 1  2  3  4  5  6  7  8  9 10 11 12],annual,unitless,Shoreline,get_LakeStatus,0.8058408234483191,0.7958671754786732,-0.009973647969645838
126,Kow.Macumber.1977,OLS_RoBxNxe0ixb,-36.2,144.3,[ 1  2  3  4  5  6  7  8  9 10 11 12],annual,unitless,Shoreline,get_LakeStatus,0.2319370287567829,-0.29864644410028957,-0.5305834728570724
127,Chiconahuapan.Tropical.1984,OLS_R2IDZP9z5wp,19.13,260.33,[ 1  2  3  4  5  6  7  8  9 10 11 12],annual,unitless,Shoreline,get_LakeStatus,-0.2656229912265329,0.010959155768567048,0.2765821469950999
128,Selima.Haynes.1979,OLS_R1vmDg2WuOy,21.32,29.34,[ 1  2  3  4  5  6  7  8  9 10 11 12],annual,unitless,Shoreline,get_LakeStatus,0.8295603304322047,0.8713653444999037,0.04180501406769899
129,Bougdouma.Gasse.1987,OLS_RgJGZeaw0md,13.3,11.7,[ 1  2  3  4  5  6  7  8  9 10 11 12],annual,unitless,Shoreline,get_LakeStatus,0.0832380097830228,0.2851235352699194,0.2018855254868966
